CREATE TABLE SOFTSIO2.REF_LIB_DEVELOPPEUR
(
   ID_DEVELOPPEUR INT ,
   CODE_DEVELOPPEUR CHAR(2) ,
   LIB_DEVELOPPEUR varchar(50)
)
;
						
INSERT INTO SOFTSIO2.REF_LIB_DEVELOPPEUR  VALUES (1,'FS','From Software');
INSERT INTO SOFTSIO2.REF_LIB_DEVELOPPEUR  VALUES (2,'BE','Blizzard Entertainment');
INSERT INTO SOFTSIO2.REF_LIB_DEVELOPPEUR  VALUES (3,'T2','Take 2 Interactive');
INSERT INTO SOFTSIO2.REF_LIB_DEVELOPPEUR  VALUES (4,'LS','Larian Studio');
INSERT INTO SOFTSIO2.REF_LIB_DEVELOPPEUR  VALUES (5,'PG','Platinum Games');
INSERT INTO SOFTSIO2.REF_LIB_DEVELOPPEUR  VALUES (6,'SE','Sega');
INSERT INTO SOFTSIO2.REF_LIB_DEVELOPPEUR  VALUES (7,'IW','Infinity Ward');
INSERT INTO SOFTSIO2.REF_LIB_DEVELOPPEUR  VALUES (8,'TR','Treyarch');


CREATE TABLE SOFTSIO2.REF_LIB_EDITEUR
(
   ID_EDITEUR INT ,
   CODE_EDITEUR CHAR(2) ,
   LIB_EDITEUR varchar(50)
)
;

INSERT INTO SOFTSIO2.REF_LIB_EDITEUR  VALUES (1,'FS','From Software');
INSERT INTO SOFTSIO2.REF_LIB_EDITEUR  VALUES (2,'BE','Blizzard Entertainment');
INSERT INTO SOFTSIO2.REF_LIB_EDITEUR  VALUES (3,'RS','Rockstar Games');
INSERT INTO SOFTSIO2.REF_LIB_EDITEUR  VALUES (4,'LS','Larian Studio');
INSERT INTO SOFTSIO2.REF_LIB_EDITEUR  VALUES (5,'SE','SEGA');
INSERT INTO SOFTSIO2.REF_LIB_EDITEUR  VALUES (6,'AC','Activision');


CREATE TABLE SOFTSIO2.DEVELOPPEUR
(
   ID_DEVELOPPEUR INT ,
   ID_EDITEUR	INT,
   ID_PAYS	INT,
   DATE_CREATION DATE,
   NB_EMPLOYES INT
)
;
						
INSERT INTO SOFTSIO2.DEVELOPPEUR  VALUES (1,1,1,'1986-11-01',600);
INSERT INTO SOFTSIO2.DEVELOPPEUR  VALUES (2,2,2,'1991-01-01',6700);
INSERT INTO SOFTSIO2.DEVELOPPEUR  VALUES (3,3,2,'1998-01-01',2500);
INSERT INTO SOFTSIO2.DEVELOPPEUR  VALUES (4,4,3,'1996-01-01',70);
INSERT INTO SOFTSIO2.DEVELOPPEUR  VALUES (5,5,1,'2006-08-01',110);
INSERT INTO SOFTSIO2.DEVELOPPEUR  VALUES (6,5,1,'1951-01-01',2000);
INSERT INTO SOFTSIO2.DEVELOPPEUR  VALUES (7,6,2,'2002-01-01',125);
INSERT INTO SOFTSIO2.DEVELOPPEUR  VALUES (8,6,2,'1996-01-01',250);



